{
  "ammo": "tacz:50bmg",
  "ammo_amount": 5,
  "bolt": "manual_action",
  "rpm": 151,
  "bullet": {
    "life": 1.1,
    "bullet_amount": 1,
    "damage": 85,
    "tracer_count_interval": 0,
    "extra_damage": {
      "armor_ignore": 1.5,
      "head_shot_multiplier": 2,
      "damage_adjust": [
        {"distance": 50, "damage": 85},
        {"distance": 100, "damage": 80},
        // 如果你忘记写这个无穷，那么超过上述距离，我就认为是 0
        {"distance": "infinite", "damage": 65}
      ]
    },
    "speed": 400,
    "gravity": 0.0245,
    "knockback": 0,
    "friction": 0.012,
    "ignite": false,
    "pierce": 3
  },
  "reload": {
    "type": "magazine",
    "feed": {
      "empty": 1.79,
      "tactical": 1.79
    },
    "cooldown": {
      "empty": 3.25,
      "tactical": 2.25
    }
  },
  "draw_time": 1.5833,
  "put_away_time": 1.0417,
  "aim_time": 0.27,
  "sprint_time": 0.2,
  "bolt_action_time": 1.4167,
  "fire_mode": [
    "semi"
  ],
  "recoil": {
    "pitch": [
      {"time": 0, "value": [4.5, 4.5]},
      {"time": 0.32, "value": [4.5, 4.5]},
      {"time": 0.57, "value": [-0.5, -0.5]},
      {"time": 0.82, "value": [0.25, 0.25]},
      {"time": 1.17, "value": [0, 0]},
      {"time": 1.47, "value": [0, 0]}
    ],
    "yaw": [
      {"time": 0, "value": [-0.9, -0.75]},
      {"time": 0.32, "value": [-0.9, -0.75]},
      {"time": 0.57, "value": [0, 0]}
    ]
  },
  "inaccuracy": {
    "stand": 0.5,
    "move": 2,
    "sneak": 1,
    "lie": 3,
    "aim": 0.05
  },
  "allow_attachment_types": [
    "scope",
    "muzzle"
  ]
}